{"9xsh52zVwu5ubR4maqhc2A==":"mbr.png","UETsEoq4gTS/pM2+wiju/g==":"mbr.jpg","SZh6fnOYWZ9aOf+ZEWl7Ew==":"mbr-1.jpg","9yhzUDicaXZbwSN2dorYdg==":"mbr-2.jpg","M5LGsbxXM76NUBEGBJM9HA==":"mbr-3.jpg","JROTcjvpTbeGFs6yiVRpog==":"mbr-4.jpg","2sVQNkI0q55MATdcYInYuw==":"img-252-2000x1333.jpg","P1Wfyvk1DHo9xt2huaQTUw==":"img-410-2000x1333.jpg","nmzYq/BEsAj6dBxjVMvrrA==":"img-390-1466x2199.jpg","BrMaz8RCCiH7aqItvLvrTg==":"mbr-122x230.png","OM6hTwqMAQpTVhLcPG86xg==":"background1.jpg","oR/G+i9ASMp6f0WWXCz9Kg==":"img-274-936x624.jpg","Iib/9cAK/z9gVsy1BpM7Ag==":"img-314-2000x1333.jpg","qXL0hPQeG192TLvztQNnXQ==":"img-220-2000x1333.jpg","iKNkYQh+cIgMXAcbBoge3Q==":"img-390-952x1428.jpg","yj8l4FDDznL5xwZG+yW3IA==":"img-216-2000x1333.jpg"}