{"file:///C:/Users/james/Documents/GitHub/painprenelle.github.io":{"assets/web/assets/jquery/jquery.min.js":"V5Dq1607onOXrt+j0mO4Zw==","assets/bootstrap/css/bootstrap.min.css":"9BHBNuK7MCraISCz6x1bww==","assets/bootstrap/css/bootstrap-grid.min.css":"kbYprkHMvvMG/ZJ2LsgHWQ==","assets/bootstrap/css/bootstrap-reboot.min.css":"//WhxWELTokJ3iPyIA2Taw==","assets/bootstrap/js/bootstrap.min.js":"aJXozWC2JkbOEkJgFYiPWA==","assets/popper/popper.min.js":"NiE4ESlZe/NNSKniYj4FyQ==","assets/tether/tether.min.css":"YhVaOUjL8Xsb9LQHyQq4Tw==","assets/tether/tether.min.js":"PlC291/0Eo8keLHUT4D9+w==","assets/theme/css/style.css":"5RM7jGI3Ttscx4e3u9gEGg==-VITbTf54ezV7Z7I/e4lZVw==","assets/smoothscroll/smooth-scroll.js":"/ilgR0JEXYwwmd70AnYqZg==","assets/dropdown/css/style.css":"s+S8lVC62P0BWFtgHpaNFA==","assets/dropdown/js/nav-dropdown.js":"9bGPRW1xT1/TQXobsnjO7Q==","assets/dropdown/js/navbar-dropdown.js":"4AZMGJuOfxUjEI1W5pEGCA==","assets/touchswipe/jquery.touch-swipe.min.js":"9g/wVGnRdXmW2F9BctT/TQ==","assets/parallax/jarallax.min.js":"bFQ4obzjiC9HL+BZ3/QknA==","assets/mbr-switch-arrow/mbr-switch-arrow.js":"4Th3/5ZljJxLQt1f3MSdGA==","assets/web/assets/mobirise-icons/mobirise-icons.css":"t/IrTIzfJvbDUoCV05F+7Q==","assets/web/assets/mobirise-icons/mobirise-icons.eot":"d1DWj4ts/6jfjnda7g4Q2A==","assets/web/assets/mobirise-icons/mobirise-icons.svg":"Yp5pSlGdnLgPdQLUa/Yv3w==","assets/web/assets/mobirise-icons/mobirise-icons.ttf":"sxxNoGToYfNN/LuoyTYkfg==","assets/web/assets/mobirise-icons/mobirise-icons.woff":"rcbBnBdGlGMmyU5U/bmzjg==","assets/socicon/css/styles.css":"q91aZJ04O5rzI1nJO9PRHw==","assets/socicon/fonts/socicon.eot":"MPSJKATRK38mcvpptQ55Tw==","assets/socicon/fonts/socicon.svg":"U1iRKoyNjKeR+mUJr3QbXg==","assets/socicon/fonts/socicon.ttf":"IHIkncvMbBJep0Ptli4Stw==","assets/socicon/fonts/socicon.woff":"5OoJHiBWPeGKNxNDiBvqvw==","assets/formoid/formoid.min.js":"3j3qzwLV9Nl7bILSTiJhPw==","assets/images/mbr-122x230.png":"BrMaz8RCCiH7aqItvLvrTg==","assets/images/hashes.json":"wcWxb1cGhwSCQGo8PanNOw==","assets/images/img-252-2000x1333.jpg":"2sVQNkI0q55MATdcYInYuw==","assets/images/img-390-952x1428.jpg":"iKNkYQh+cIgMXAcbBoge3Q==","assets/images/img-314-2000x1333.jpg":"Iib/9cAK/z9gVsy1BpM7Ag==","assets/images/img-220-2000x1333.jpg":"qXL0hPQeG192TLvztQNnXQ==","assets/images/index-meta.jpg":"2sVQNkI0q55MATdcYInYuw==","assets/images/img-274-936x624.jpg":"oR/G+i9ASMp6f0WWXCz9Kg==","assets/images/img-216-2000x1333.jpg":"yj8l4FDDznL5xwZG+yW3IA==","assets/images/page1-meta.jpg":"2sVQNkI0q55MATdcYInYuw==","assets/animatecss/animate.min.css":"F4tlGVjO/1VsvF81Xgi78Q==","assets/viewportchecker/jquery.viewportchecker.js":"eqx7akE+5/2dVV8+sGGcUg==","assets/images/presentation-meta.jpg":"2sVQNkI0q55MATdcYInYuw=="},"file:///C:/Users/james/Documents/GitHub/painprenelle.github.io/backup":{"screenshot.png":"U2Vo1PC+EMQ7DDz7TgEmGw==","assets/images/mbr-122x230.png":"BrMaz8RCCiH7aqItvLvrTg==","assets/images/hashes.json":"wcWxb1cGhwSCQGo8PanNOw==","assets/images/img-252-2000x1333.jpg":"2sVQNkI0q55MATdcYInYuw==","assets/images/img-274-936x624.jpg":"oR/G+i9ASMp6f0WWXCz9Kg==","assets/images/img-216-2000x1333.jpg":"yj8l4FDDznL5xwZG+yW3IA==","assets/images/img-314-2000x1333.jpg":"Iib/9cAK/z9gVsy1BpM7Ag==","assets/images/index-meta.jpg":"2sVQNkI0q55MATdcYInYuw==","assets/images/presentation-meta.jpg":"2sVQNkI0q55MATdcYInYuw=="}}