<?xml version="1.0" encoding="utf-8"?>
<!--Created using XmlSitemapGenerator.org - Free HTML, RSS and XML sitemap generator-->
<rss version="2.0">
  <channel>
    <title>Chez Painprenelle, on vous propose...</title>
    <link>https://painprenelle.be</link>
    <description />
    <item>
      <guid>https://painprenelle.be/</guid>
      <title>Chez Painprenelle, on vous propose...</title>
      <link>https://painprenelle.be/</link>
      <description />
      <pubDate>Mon, 07 Sep 2020 01:54:00 Z</pubDate>
    </item>
    <item>
      <guid>https://painprenelle.be/presentation.html</guid>
      <title>Quel type de pain vous est proposé ?</title>
      <link>https://painprenelle.be/presentation.html</link>
      <description />
      <pubDate>Mon, 07 Sep 2020 01:54:00 Z</pubDate>
    </item>
    <item>
      <guid>https://painprenelle.be/index.html</guid>
      <title>Chez Painprenelle, on vous propose...</title>
      <link>https://painprenelle.be/index.html</link>
      <description />
      <pubDate>Mon, 07 Sep 2020 01:54:00 Z</pubDate>
    </item>
  </channel>
</rss>
<!--<guid value="f27d2627-126d-4d2e-bf55-1bfe0ad8a280" />-->
<!--Created using XmlSitemapGenerator.org - Free HTML, RSS and XML sitemap generator-->